{"_runtime":164.754125669,"correlation_histogram_data_all":{"_type":"histogram","values":[1,1,0,0,4,2,5,6,19,14,15,36,43,53,73,103,137,139,187,212,289,265,351,402,455,553,581,621,717,762,834,865,872,890,914,988,900,874,803,790,756,727,586,573,485,426,370,321,311,263,193,171,153,83,92,59,46,35,15,21,11,3,6,2],"bins":[-0.30098196426070645,-0.2912691596965099,-0.2815563551323134,-0.27184355056811693,-0.2621307460039204,-0.25241794143972385,-0.24270513687552736,-0.23299233231133085,-0.22327952774713433,-0.21356672318293782,-0.2038539186187413,-0.1941411140545448,-0.18442830949034827,-0.17471550492615176,-0.16500270036195525,-0.15528989579775873,-0.14557709123356222,-0.1358642866693657,-0.1261514821051692,-0.11643867754097267,-0.10672587297677616,-0.09701306841257964,-0.08730026384838313,-0.07758745928418662,-0.0678746547199901,-0.05816185015579359,-0.04844904559159707,-0.038736241027400586,-0.029023436463204044,-0.019310631899007502,-0.009597827334811015,0.00011497722938547117,0.009827781793582013,0.019540586357778555,0.029253390921975042,0.03896619548617153,0.04867900005036807,0.05839180461456461,0.0681046091787611,0.07781741374295759,0.08753021830715413,0.09724302287135067,0.10695582743554716,0.11666863199974364,0.12638143656394019,0.13609424112813673,0.14580704569233321,0.1555198502565297,0.16523265482072624,0.17494545938492279,0.18465826394911927,0.19437106851331576,0.2040838730775123,0.21379667764170884,0.22350948220590527,0.23322228677010182,0.24293509133429836,0.2526478958984949,0.26236070046269144,0.2720735050268879,0.2817863095910844,0.29149911415528096,0.3012119187194774,0.31092472328367393,0.3206375278478705]},"correlation_histogram_data_significant":{"bins":[-0.30098196426070645,-0.2912691596965099,-0.2815563551323134,-0.27184355056811693,-0.2621307460039204,-0.25241794143972385,-0.24270513687552736,-0.23299233231133085,-0.22327952774713433,-0.21356672318293782,-0.2038539186187413,-0.1941411140545448,-0.18442830949034827,-0.17471550492615176,-0.16500270036195525,-0.15528989579775873,-0.14557709123356222,-0.1358642866693657,-0.1261514821051692,-0.11643867754097267,-0.10672587297677616,-0.09701306841257964,-0.08730026384838313,-0.07758745928418662,-0.0678746547199901,-0.05816185015579359,-0.04844904559159707,-0.038736241027400586,-0.029023436463204044,-0.019310631899007502,-0.009597827334811015,0.00011497722938547117,0.009827781793582013,0.019540586357778555,0.029253390921975042,0.03896619548617153,0.04867900005036807,0.05839180461456461,0.0681046091787611,0.07781741374295759,0.08753021830715413,0.09724302287135067,0.10695582743554716,0.11666863199974364,0.12638143656394019,0.13609424112813673,0.14580704569233321,0.1555198502565297,0.16523265482072624,0.17494545938492279,0.18465826394911927,0.19437106851331576,0.2040838730775123,0.21379667764170884,0.22350948220590527,0.23322228677010182,0.24293509133429836,0.2526478958984949,0.26236070046269144,0.2720735050268879,0.2817863095910844,0.29149911415528096,0.3012119187194774,0.31092472328367393,0.3206375278478705],"_type":"histogram","values":[1,1,0,0,4,2,3,4,6,3,2,3,3,2,1,3,0,2,6,2,1,0,1,2,1,2,1,3,2,2,0,2,3,2,1,2,5,3,5,6,6,20,8,16,16,18,18,32,33,43,42,73,66,42,69,54,43,35,15,21,11,3,6,2]},"mean_correlation":0.03635682131026542,"path_with_metrics_table":{"ncols":1,"_type":"table-file","_latest_artifact_path":"wandb-client-artifact://dfxfu922q8aflrd64eyrf7ofxbfjbgkiad5alfommgzyqwgt7g7tkpiqbjek3zhdemslbifqyi6upw1owrsxy0w0gbrxq7bhqzd7eurojgh6x5bxsr9x32dhy81rgwoo:latest/path_with_metrics_table.table.json","artifact_path":"wandb-client-artifact://qpvvo7ltrc40xeupv4nt3ucjm7hsx8lunehip8v6rzgkoi83uw1vjalo6w15p1nq5tgvybfyvnnmgdxicdpqnzfbcdhm108y3vbxa93w3iehb94f6w9u85s1adfrm7av/path_with_metrics_table.table.json","path":"media/table/path_with_metrics_table_12_4419bd70955bda7b9588.table.json","size":86,"log_mode":"IMMUTABLE","sha256":"4419bd70955bda7b9588bbbbee41edc65c0c99df3b0f88233d3bfa0b3115cea2","nrows":1},"_timestamp":1.7579906170213854e+09,"correlation_histogram_all":{"format":"png","width":1000,"height":600,"_type":"image-file","sha256":"3e80bf6ee578d18b9b0bfc00afd64f566ee0477d21907f63a89c39d9eef6bfea","size":33757,"path":"media/images/correlation_histogram_all_5_3e80bf6ee578d18b9b0b.png"},"median_correlation":0.03720420143061852,"brain_surface_significant":{"sha256":"b07662daf0a58a6ac1ae1693c2ef43fe8573d873b8ef7ec2e824489863700a32","size":136327,"path":"media/images/brain_surface_significant_7_b07662daf0a58a6ac1ae.png","format":"png","width":1500,"height":1000,"_type":"image-file"},"min_correlation":-0.30098196426070645,"max_correlation":0.3206375278478705,"_step":12,"n_significant_voxels":784,"brain_surface_all":{"width":1500,"height":1000,"_type":"image-file","sha256":"a292aaf1cf90929b36d5cb257b0997b541ec3e9cb774c7e3879c8940e1489819","size":267607,"path":"media/images/brain_surface_all_8_a292aaf1cf90929b36d5.png","format":"png"},"correlation_histogram_significant":{"path":"media/images/correlation_histogram_significant_9_f27c4dd36860c89f713c.png","format":"png","width":1000,"height":600,"_type":"image-file","sha256":"f27c4dd36860c89f713caa5464257836a03a36842dfb1be122cb976eb824ebac","size":36099},"std_correlation":0.08642488013338,"_wandb":{"runtime":164}}